question,answer,coherence_score,faithfulness_score,answer_relevancy_score
"When did Airbnb go public, what was the price per share","Airbnb went public on December 9, 2020. The IPO was priced at $68 per share.",0.776094700562916,1.0,1.0
Why did Wimdu unlike Airbnb not take off?,"Wimdu, despite being a direct competitor to Airbnb, did not take off for several reasons, which can be understood by analyzing the strategic and operational differences between the two companies:

1. **First-Mover Advantage and Network Effects**: Airbnb had already established a significant presence and network effect by the time Wimdu entered the market. Airbnb's early start allowed it to build a substantial user base and a strong brand, which are critical in a marketplace business where network effects are powerful. The more hosts and guests on Airbnb, the more attractive it became to new users, creating a virtuous cycle that Wimdu struggled to break into.

2. **Global Network and Reviews**: Airbnb had a global network from the beginning, which meant that it had listings with reviews in various locations, including Europe. Reviews are crucial for building trust in a platform where users are staying in strangers' homes. Wimdu, on the other hand, had to start from scratch in building this trust network, which is a significant barrier in the hospitality industry.

3. **Operational Strategy**: Wimdu, backed by the Samwer brothers and Rocket Internet, attempted to scale quickly by creating a listings farm, essentially a sweatshop in Berlin, to call hosts and property managers to get listings. This approach led to a lot of listings with no reviews, which did not foster the same level of trust and engagement as Airbnb's more organic growth strategy.

4. **Brand and User Experience**: Airbnb invested heavily in creating a strong brand and user experience, focusing on the community and belonging aspects of travel. This resonated with users and differentiated Airbnb from other platforms. Wimdu, as a clone, did not have the same brand identity or user experience focus, which likely contributed to its inability to capture significant market share.

5. **Strategic Acquisitions and Local Presence**: Airbnb made strategic acquisitions and opened offices in key markets to strengthen its presence and fend off competition. This local presence helped Airbnb understand and cater to regional market needs better than Wimdu, which was more focused on rapid expansion without the same level of local adaptation.

6. **Financial Backing and Execution**: Airbnb had strong financial backing and executed its growth strategy effectively, leveraging both organic growth and strategic marketing tactics. Wimdu, despite having financial resources, could not match Airbnb's execution and strategic foresight.

In summary, Wimdu's failure to take off like Airbnb can be attributed to its late entry into the market, lack of a strong network effect, ineffective operational strategy, weaker brand identity, and less effective execution compared to Airbnb's well-rounded and strategic approach.",0.9222700156135788,0.9375,1.0
Why does market fragmentation work for airline industry but could't work for Airbnb,"Market fragmentation works for the airline industry but not for Airbnb due to several key differences in the nature of their services and the dynamics of their respective markets.

1. **Nature of Service and Infrastructure**: 
   - **Airline Industry**: The airline industry involves significant infrastructure and operational requirements, such as aircraft, maintenance, and airport facilities. This creates natural barriers to entry and allows for regional players to thrive. Regional airlines can operate efficiently within specific geographic areas, providing feeder services to larger carriers or serving niche markets that are not economically viable for major airlines. The infrastructure and regulatory requirements create a fragmented market where both global and regional players can coexist.
   - **Airbnb**: In contrast, Airbnb operates a platform that connects hosts and guests without owning the underlying real estate. The service is inherently global and digital, with low barriers to entry for hosts. The value proposition of Airbnb is its ability to offer a wide variety of unique accommodations worldwide, which benefits from network effects. A fragmented market would dilute these network effects, as travelers prefer a single platform with comprehensive listings for ease of use and trust.

2. **Network Effects**:
   - **Airbnb**: The platform benefits from strong network effects, where the value increases as more hosts and guests join. A single, unified platform is more attractive to users because it offers a broader selection of accommodations and a larger customer base for hosts. Fragmentation would weaken these network effects, as users would have to navigate multiple platforms to find accommodations, reducing convenience and trust.
   - **Airline Industry**: While there are network effects in terms of airline alliances and frequent flyer programs, the industry is less reliant on a single platform. Passengers often use multiple airlines and booking platforms, and regional airlines can thrive by offering specialized services or serving underserved routes.

3. **Consumer Preferences and Behavior**:
   - **Airbnb**: Consumers using Airbnb often seek unique, localized experiences that are not easily replicated by traditional hotels. The platform's strength lies in its ability to aggregate diverse listings globally, providing a one-stop-shop for travelers. Fragmentation would force consumers to use multiple platforms to access the same variety, diminishing the user experience.
   - **Airline Industry**: Consumers in the airline industry prioritize factors such as price, convenience, and loyalty programs. They are accustomed to using different airlines for different routes based on these factors. The presence of regional airlines does not significantly impact the consumer experience, as the primary service (air travel) remains consistent.

4. **Regulatory Environment**:
   - **Airline Industry**: The airline industry is heavily regulated, with different rules and standards across countries and regions. This regulatory complexity can support market fragmentation, as regional players may be better equipped to navigate local regulations and operate efficiently within specific jurisdictions.
   - **Airbnb**: While Airbnb faces regulatory challenges, particularly regarding short-term rental laws, these do not inherently support market fragmentation. Instead, they often require a unified approach to compliance and advocacy, which is more effectively managed by a single, large platform.

In summary, the airline industry's infrastructure requirements, regulatory environment, and consumer behavior support a fragmented market with both global and regional players. In contrast, Airbnb's reliance on network effects, consumer preference for a unified platform, and the digital nature of its service make market fragmentation less viable.",0.9377540668798146,1.0,1.0
How many hot dogs does Costco currently sell per year?,I don't know.,0.05493323389436481,1.0,1.0
"What store was created as ""the price club of hardware stores""?","The store created as ""the Price Club of hardware stores"" is Home Depot. Bernie Marcus, who was the president running the Handy Dan hardware store chain and had been kicked out by the board, visited Sol Price at Price Club. Sol Price shared the Price Club playbook with Bernie Marcus, encouraging him to use his hardware expertise to create a similar model for hardware stores. Bernie Marcus then went on to found Home Depot.",0.9,1.0,1.0
How long did it take for Costco to generate 1 billion dollars in revenue?,Costco reached $1 billion in revenue in less than three years after getting started.,0.2309968549865158,1.0,1.0
What is the New Look?,I don't know.,0.05197240141495618,1.0,1.0
How much money did the Arnaut family offer to buy out the Boussac group?,"The Arnault family, along with Lazard Frères, put together a $60 million bid to take over the Boussac group from the government. The Arnault family contributed $15 million, while Lazard rounded up investors and possibly invested some of their own funds to cover the remaining $45 million.",0.8910221304906754,1.0,1.0
What is American Crown Jewel?,I don't know.,0.05493323353637779,1.0,1.0
"According to Information Theory, what is the importance of knowing what message your sender is trying to convey?","In Information Theory, understanding the message that the sender is trying to convey is crucial for several reasons:

1. **Efficient Communication**: Knowing the intended message allows for the efficient encoding and decoding of information. This efficiency is measured in terms of minimizing the amount of data required to accurately convey the message, which is a fundamental goal in Information Theory.

2. **Error Reduction**: When the receiver understands the intended message, it becomes easier to detect and correct errors that may occur during transmission. This is particularly important in noisy communication channels where data can be corrupted.

3. **Entropy and Redundancy**: The concept of entropy in Information Theory quantifies the uncertainty or unpredictability of a message. By understanding the message, the receiver can better manage entropy and use redundancy effectively to ensure message integrity without unnecessary data overhead.

4. **Contextual Relevance**: Messages often rely on context for their meaning. Knowing the sender's intent helps the receiver interpret the message correctly within the given context, reducing the likelihood of miscommunication.

5. **Channel Capacity**: Understanding the message is essential for optimizing the use of the communication channel's capacity. It allows for the selection of appropriate coding schemes that maximize data throughput while minimizing errors.

In summary, knowing the message the sender intends to convey is vital for achieving effective, efficient, and reliable communication, which are core objectives of Information Theory.",0.9939913352367424,1.0,1.0
Compare the impact on Qualcomm between the two Jacobs.,"The impact of the two Jacobs, Irwin Jacobs and Paul Jacobs, on Qualcomm can be analyzed through their respective tenures and strategic decisions that shaped the company's trajectory.

**Irwin Jacobs:**
1. **Founding and Visionary Leadership:** Irwin Jacobs co-founded Qualcomm in 1985 and was instrumental in its early development. His vision for the company was centered around pioneering wireless communication technologies, particularly CDMA (Code Division Multiple Access). This was a bold move at a time when TDMA (Time Division Multiple Access) was the frontrunner in digital cellular technology.

2. **Strategic Partnerships and Joint Ventures:** Under Irwin's leadership, Qualcomm formed strategic joint ventures with companies like Sony and Nortel to manufacture handsets and infrastructure, respectively. These partnerships were crucial in establishing CDMA as a viable technology and gaining market adoption.

3. **Fabless Semiconductor Model:** Irwin's decision to adopt a fabless semiconductor model allowed Qualcomm to focus on design and innovation without the capital-intensive burden of owning manufacturing facilities. This strategic move positioned Qualcomm as a leader in the semiconductor industry.

4. **IP and Licensing Model:** Irwin established Qualcomm's business model of leveraging its extensive patent portfolio to generate licensing revenue. This model became a cornerstone of Qualcomm's financial success, allowing it to capture significant value from its innovations.

5. **Market Expansion and Growth:** Irwin's leadership saw Qualcomm grow from a small startup to a major player in the telecommunications industry, with CDMA becoming a dominant standard in the U.S. and other markets.

**Paul Jacobs:**
1. **Transition to New Technologies:** Paul Jacobs took over as CEO in 2005, during a time when the industry was transitioning from 2G to 3G and later to 4G technologies. He continued to build on Qualcomm's strengths in wireless communication, but faced challenges in maintaining the company's leadership position.

2. **Focus on IoT and Diversification:** Paul attempted to diversify Qualcomm's business by investing in IoT (Internet of Things) and other emerging technologies. However, these efforts did not yield significant results during his tenure, and IoT did not become a major revenue driver as anticipated.

3. **Legal and Competitive Challenges:** Under Paul's leadership, Qualcomm faced increasing legal challenges and antitrust lawsuits, particularly related to its licensing practices. The company also faced growing competition from other semiconductor companies, which put pressure on its market position.

4. **Strategic Acquisitions:** Paul oversaw strategic acquisitions, such as the purchase of Flarion Technologies, which helped Qualcomm secure essential patents for 4G technologies. However, some investments, like the Mirasol display technology, did not succeed.

5. **Leadership Transition and Legacy:** Paul's tenure ended with mixed results, and he was eventually removed from the board in 2018 after attempting a buyout. His leadership period is often viewed as a time of strategic missteps and challenges in adapting to a rapidly changing industry landscape.

In summary, Irwin Jacobs' impact on Qualcomm was foundational and transformative, establishing the company's core business model and technological leadership. Paul Jacobs' tenure was marked by efforts to diversify and adapt to new industry trends, but faced significant challenges and did not achieve the same level of success as his father's era.",0.9053403333136218,1.0,1.0
What is the Scandinavian connection to Qualcomm's early rise?,"The Scandinavian connection to Qualcomm's early rise is primarily through the competition and standards setting in the telecommunications industry. During the late 1980s and early 1990s, Europe, including Scandinavian countries, was advancing with the GSM (Global System for Mobile Communications) standard, which was based on TDMA (Time Division Multiple Access) technology. Ericsson, a major telecommunications company based in Sweden, was a key player in promoting GSM as the standard in Europe.

Qualcomm, on the other hand, was advocating for CDMA (Code Division Multiple Access) technology, which they believed offered superior capacity and efficiency compared to TDMA. The Scandinavian connection is significant because Ericsson, as a leading European company, was a major proponent of the TDMA-based GSM standard, which was being adopted widely across Europe and was seen as the frontrunner for digital mobile communications.

Qualcomm's challenge was to convince the U.S. and other markets of the benefits of CDMA over the established GSM standard. The U.S. regulatory environment allowed for more flexibility, enabling Qualcomm to promote CDMA as an alternative to the GSM standard. This competition between CDMA and GSM, with Ericsson representing the latter, was a critical aspect of Qualcomm's early strategic efforts to establish CDMA as a viable and superior technology in the global telecommunications market.",0.9052973145545383,1.0,1.0
When did AWS formed and who first head of AWS techincally?,"AWS, or Amazon Web Services, was formed as a concept in the early 2000s, with its first service, Amazon S3, launching in March 2006. The initial idea for AWS was to provide developers with access to Amazon's infrastructure through APIs, allowing them to build applications using Amazon's resources.

The first head of AWS, technically, was Collin Brier. At the time, AWS was part of the Amazon Associates Program, and Collin Brier was responsible for running it. This was before AWS evolved into the cloud computing giant it is today. Later, Andy Jassy took over AWS and played a significant role in transforming it into a comprehensive cloud services platform.",0.8379360063661963,1.0,0.5
What was the final words by Amazon CTO Werner Vogels in Quora Post in 2011?,I don't know.,0.051540589004402025,1.0,1.0
What boots and jacket we often see Jeff Bezos in ?,"Jeff Bezos is often seen wearing cowboy boots and a jacket, particularly in the context of his involvement with Blue Origin and his activities in West Texas. This attire reflects his connection to his upbringing and experiences on his grandparents' ranch in West Texas, where he spent summers during his youth. The cowboy boots and jacket symbolize his roots and the formative experiences that influenced his interest in space and self-sufficiency.",0.9531209373373757,1.0,0.8
Where is Blue Origins operations are based in?,I don't know.,0.05472260543233386,1.0,1.0
Which was one of the first free email services?,"One of the first free email services was Hotmail. Launched in 1996, Hotmail was among the pioneers in offering web-based email services to users at no cost, allowing them to access their email from any internet-connected device. This service played a significant role in popularizing free email accounts and contributed to the widespread adoption of email as a primary communication tool.",0.9987568346765057,1.0,1.0
When was the summit that eventually lead to the creation of Visa?,"The summit that eventually led to the creation of Visa took place in Sausalito, California. This off-site meeting occurred after Dee Hock and his colleagues from Bank of America and other banks convened to discuss the formation of a new organization to manage the BankAmericard program. The process of forming this new entity, National BankAmericard Inc. (NBI), began in 1968 and wrapped up by either 1970 or 1971.",0.8754914973916345,1.0,0.6666666666666666
What is Visa's net income margin and is there a company with a better margin?,"Visa's net income margin is 50%. According to the context provided, there is no other large-scale company mentioned that has a better net income margin than Visa. The context specifically highlights Visa as ""literally the most profitable large-scale company in the world"" with this margin. It also compares Visa's net income margin to other companies, such as MasterCard with a 43% net income margin, Microsoft with 34%, Apple with 25%, and Google with 21%, none of which surpass Visa's 50% net income margin.",0.9562176500885797,1.0,1.0
Visa is the global sponsor of what?,"Visa is the global sponsor of the Olympics. They became the founding global Olympic sponsor in 1986, after American Express declined the opportunity. Visa has been the exclusive payment provider at the Olympics since then, and they are contracted to continue this sponsorship through at least 2032. This sponsorship has helped Visa establish a strong global brand presence, associating the company with the Olympics worldwide.",0.9880797073778138,1.0,0.8571428571428571
"In 1976, Steve Jobs along with Steve Wozniak created the game, Breakout, for Atari and Nolan Bushnell. Three industries were born concurrent with the creation of this game. What where they?","The creation of the game Breakout by Steve Jobs and Steve Wozniak for Atari and Nolan Bushnell in 1976 coincided with the birth of three significant industries:

1. **Home Video Game Console Industry**: This industry was initiated by the Magnavox Odyssey, which was the first home video game console. Atari's work on games like Pong and Breakout further propelled the development and popularity of home video gaming systems.

2. **Arcade Video Game Industry**: Atari's success with arcade games like Pong and later Breakout contributed to the rapid growth of the arcade video game industry. This industry became a major entertainment sector, with arcade games generating significant revenue and becoming a cultural phenomenon.

3. **Personal Home Computer Industry**: The work of Steve Jobs and Steve Wozniak on Breakout and their subsequent founding of Apple Computer played a crucial role in the development of the personal home computer industry. Their innovations and the introduction of the Apple I and Apple II computers helped establish the personal computer as a household item, leading to the growth of this industry.

These three industries emerged and evolved concurrently, each influencing and contributing to the growth of the others in various ways.",0.8937756617722666,1.0,1.0
What does Nintendo mean?,"Nintendo's name is derived from the kanji characters Nin, Ten, and Do, which can be interpreted as ""leave luck to heaven."" This phrase references the element of luck in playing cards, which was Nintendo's original business, and perhaps also reflects the entrepreneurial spirit of starting a new venture. Additionally, the character Ten at the time was a reference to the mythical spirit Tengu, which was a coded reference for gambling and casinos, activities that were illegal in Japan when Nintendo was founded.",0.8817771384043279,1.0,0.625
What was a key strength of Hiroshi Yamauchi? This is something that he was just good at. ,"A key strength of Hiroshi Yamauchi was his exceptional ability to identify and nurture talent, as well as his intuitive grasp of what would be successful in the market. Despite never playing video games himself, Yamauchi had an uncanny ability to recognize potential in both people and products. He demonstrated this by identifying and promoting individuals like Gunpei Yokoi and Shigeru Miyamoto, who would go on to become pivotal figures in Nintendo's success. Additionally, Yamauchi had a keen sense for what would resonate with consumers, as evidenced by his decision to pivot Nintendo from a playing card company to a toy and video game company, ultimately leading to the creation of iconic franchises like Mario and Zelda. His strategic vision and ability to make bold decisions were instrumental in transforming Nintendo into a global leader in the video game industry.",0.9904650541138947,1.0,0.6
"What are the 3 interrelated things that make Renaissance Technologies unique from other investment firms with similar commodities (smartest people with the best data and infrastructure), such as Citadel, DE Saw, Two Sigma, and Jane Street?","Renaissance Technologies (RenTech) distinguishes itself from other investment firms like Citadel, D.E. Shaw, Two Sigma, and Jane Street through three interrelated factors:

1. **Collaborative Environment with a Single Model**: RenTech employs a unique approach where all researchers and engineers work collaboratively on a single investment model. Unlike other firms where teams might compete internally, at RenTech, everyone contributes to and benefits from the same model. This means that improvements made by any individual directly enhance the performance of the entire firm, fostering a culture of collaboration rather than competition.

2. **Small, Highly Skilled Team**: RenTech operates with a remarkably small team compared to its peers. With fewer than 400 employees, only about half of whom are involved in research and engineering, RenTech maintains a tight-knit, collegial environment. This small size allows for deep personal connections and a strong sense of community, which is further reinforced by the firm's location in a relatively isolated area on Long Island. This contrasts with other firms that have thousands of employees, making RenTech's environment more akin to an academic department than a typical financial institution.

3. **Unique Fund Structure with High Carry**: The Medallion fund at RenTech is structured as an LP-GP fund with a notably high carry of 44% and a 5% management fee. This structure serves as a value transfer mechanism within the firm, incentivizing current employees by allowing them to benefit significantly from the fund's performance. Over time, as employees gain tenure, they shift from being primarily compensated through carry to becoming significant investors in the fund. This structure aligns the interests of new and long-standing employees, ensuring that everyone is motivated to contribute to the fund's success.

These elements create a distinctive culture and operational model that set RenTech apart from other quantitative investment firms, enabling it to achieve unparalleled success.",0.9731058568799409,1.0,1.0
"What series of philosophical arguments presented by an ancient Greek philosopher does Jim Simons, the founder of Renaissance Technologies, learn about as a 4-year-old that sparks his interest in math?","As a 4-year-old, Jim Simons stumbled into one of Zeno's famous paradoxes from ancient Greek philosophy. This early encounter with Zeno's paradoxes sparked his interest in math. Zeno's paradoxes involve concepts such as the idea that if you continuously divide a quantity by two, you will never actually reach zero, only asymptotically approach it. This kind of mathematical and philosophical thinking intrigued Simons from a young age.",0.9017653831650103,1.0,1.0
"In the year 2000, when the tech bubble bursts and the market is down big, what was the Medallion Fund's % gross returns?","In the year 2000, when the tech bubble burst and the market was down significantly, the Medallion Fund achieved 128% gross returns.",0.4617439526444878,1.0,1.0
who was the first rocket engine engineer in spacex,I don't know.,0.05154058839449564,1.0,1.0
can you tell me total number of people working in Spacex,I don't know.,0.09112499661507568,1.0,1.0
What is the cost of rocket travel based on the materials?,"The cost of rocket travel based on materials is not explicitly detailed in the provided context. However, the context does provide some insights into the cost structure and factors influencing the cost of rocket travel for SpaceX. 

SpaceX has managed to reduce costs significantly through vertical integration, meaning they produce a large portion of their rockets in-house, which allows them to control costs more effectively. The context mentions that SpaceX can manufacture components in-house or use off-the-shelf consumer-grade electronics for a fraction of the cost that contractors would charge. This approach helps in reducing the overall cost of rocket production and, consequently, the cost of rocket travel.

Additionally, the context discusses the reusability of rockets, which is a significant factor in reducing costs. By reusing rockets, SpaceX can lower the cost per launch, as they do not need to build a new rocket for each mission. The context suggests that the cost of launching a Falcon 9 for SpaceX might be around $40 million, which is lower than the cost for other entities due to their ability to reuse rockets and their vertically integrated production process.

In summary, while the exact cost of rocket travel based on materials is not provided, the context highlights that SpaceX's cost advantages come from vertical integration, in-house manufacturing, and the reusability of rockets, all of which contribute to reducing the overall cost of rocket travel.",0.914804720433815,1.0,1.0
what is the idea about mars oasis,"The idea of ""Mars Oasis"" refers to a concept proposed by Elon Musk in the early 2000s. The goal of Mars Oasis was to reignite public interest in space exploration by sending a small greenhouse to Mars. This greenhouse would contain seeds and a nutrient gel, allowing plants to grow on the Martian surface. The project aimed to demonstrate the feasibility of sustaining life on Mars and to inspire a new generation of space enthusiasts and scientists by showing that life could potentially be supported on another planet.

The Mars Oasis project was intended to be a relatively low-cost mission that would capture the public's imagination and encourage increased funding and support for space exploration. Although the project itself was never realized, it played a significant role in the founding of SpaceX, as Musk realized that the high cost of launching payloads into space was a major barrier to such missions. This realization led him to establish SpaceX with the goal of reducing space transportation costs and making space travel more accessible.",0.98175744821595,1.0,1.0
What was Elon Muskï¿½s initial investment in SpaceX?,"Elon Musk's initial investment in SpaceX was about $100 million. This investment was significantly less than what other billionaires, like Jeff Bezos with Blue Origin, have put into their space ventures. Musk's approach was to create a company that was more revenue-funded rather than heavily reliant on equity funding.",0.8771895670228677,1.0,1.0
How is Jim Weber's strategic focus influence the revitalization of Brooks Running?,"Jim Weber's strategic focus played a crucial role in the revitalization of Brooks Running by implementing a clear and consistent vision centered around performance running. When Weber took over as CEO in 2001, Brooks was struggling financially, with a diverse product line that included various types of athletic footwear and apparel, but lacked a strong brand identity. Weber recognized that the company needed to differentiate itself in a highly competitive market dominated by larger brands.

1. **Niche Focus on Performance Running**: Weber made the bold decision to focus exclusively on performance running shoes, cutting all other product lines. This strategic focus allowed Brooks to concentrate its resources and efforts on a single category, enabling the company to develop expertise and build a strong brand identity around running. By doing so, Brooks could cater specifically to the needs of runners, offering high-quality products that addressed their unique requirements.

2. **Customer-Centric Approach**: Weber emphasized a deep understanding of the running community and its needs. By focusing on runners, Brooks was able to create products that resonated with its target audience, fostering brand loyalty and customer satisfaction. This customer-centric approach was reflected in the company's product development, marketing strategies, and retail partnerships.

3. **Building a Brand with Purpose**: Weber's leadership was characterized by a commitment to building a brand with a clear purpose. Brooks positioned itself as a brand that celebrates all runners, regardless of their level of experience or performance. This inclusive and approachable brand image helped Brooks differentiate itself from competitors and attract a dedicated customer base.

4. **Operational Excellence and Financial Discipline**: Under Weber's leadership, Brooks improved its operational efficiency and financial performance. By focusing on a single product category, the company was able to streamline its operations, reduce costs, and improve profitability. This financial discipline allowed Brooks to reinvest in product innovation and marketing, further strengthening its position in the market.

5. **Long-Term Vision and Resilience**: Weber's long-term vision for Brooks was to build a sustainable and profitable brand. Despite the challenges faced by the company, including financial difficulties and changes in ownership, Weber remained committed to this vision. His resilience and determination to play the long game were instrumental in Brooks' turnaround and growth.

Overall, Jim Weber's strategic focus on performance running, combined with a customer-centric approach and a commitment to building a brand with purpose, were key factors in the successful revitalization of Brooks Running. His leadership transformed the company into a leading brand in the running industry, achieving significant growth and profitability.",0.9731058578630005,1.0,1.0
How did Brooks Running approach to market segmentation give it a competitive advantage?,"Brooks Running's approach to market segmentation gave it a competitive advantage by focusing exclusively on the performance running segment. When Jim Weber took over as CEO in 2001, he made the strategic decision to shed all other product lines that were not directly related to performance running. This included discontinuing products like football cleats, court shoes, and low-margin family footwear, which were not contributing significantly to the brand's profitability or market presence.

By concentrating solely on performance running, Brooks was able to allocate all its resources, including R&D, marketing, and distribution, towards understanding and meeting the needs of serious runners. This focus allowed Brooks to develop a deep expertise in running shoes, leading to innovations in product design and technology that catered specifically to the biomechanics and needs of runners. As a result, Brooks could offer high-quality, specialized products that resonated with its target market, building strong brand loyalty among frequent runners.

Additionally, this focused approach enabled Brooks to differentiate itself from larger competitors who offered a broad range of athletic products across various sports. By positioning itself as a niche player dedicated to running, Brooks could carve out a distinct identity and appeal to a dedicated customer base that valued performance and quality over brand name alone.

This market segmentation strategy also allowed Brooks to build strong partnerships with specialty running retailers and engage directly with the running community through events and sponsorships, further solidifying its reputation as a brand for serious runners. This focus on a specific market segment ultimately contributed to Brooks' growth and success, as evidenced by its significant increase in revenue and market share over the years.",0.9962673110571721,1.0,1.0
What was the patent Heddy developed? Was it publicly available?,I don't know.,0.05154058845548627,1.0,1.0
Why were patents developed by Heddy had 88 frequency hops ?,"The patents developed by Hedy Lamarr and George Antheil had 88 frequency hops because they used the concept of a player piano roll to synchronize the frequency changes. A standard piano has 88 keys, and they mapped each note on the piano to a different frequency. By using a player piano roll, which is essentially a long strip of paper with holes punched in it to represent musical notes, they could precisely control the timing and sequence of frequency changes. This allowed them to create a system where both the transmitter and receiver would ""hop"" to the same frequency at the same time, thus enabling secure and jam-resistant communication. The use of 88 frequency hops was directly tied to the number of keys on a piano, which provided a convenient and practical way to implement their frequency-hopping spread spectrum technology.",0.9957912270713625,1.0,1.0
What was the role of Trump administration on the takeover of Broadcomm over Qualcomm and why the decision was made?,"The Trump administration played a crucial role in blocking the hostile takeover of Qualcomm by Broadcom. The decision to block the acquisition was made on the grounds of national security concerns. Broadcom, although based in Singapore, had significant ties with Huawei, a Chinese telecommunications company. The U.S. government was concerned that if Broadcom acquired Qualcomm, it could potentially lead to a weakening of Qualcomm's position in the global semiconductor industry, which could have implications for U.S. national security, especially given the strategic importance of semiconductors in modern technology and defense systems.

The administration's intervention was seen as a significant win for Qualcomm's lobbyists, who had strong relationships with the U.S. government. The decision to block the deal was based on the premise that maintaining Qualcomm as an independent American company was crucial for the country's technological leadership and security. In hindsight, this move is viewed as a major success in preserving U.S. interests in the semiconductor industry, especially given the increasing geopolitical tensions around technology and trade.",0.9679178686101693,1.0,1.0
what is one decision Porsche made to improve business that went against industry norm?,"One significant decision Porsche made to improve its business, which went against industry norms, was the introduction of the Porsche Cayenne, an SUV, in the early 2000s. At the time, Porsche was primarily known for its sports cars, particularly the iconic 911. The decision to enter the SUV market was controversial and seen as a departure from Porsche's traditional brand identity focused on high-performance sports cars. However, this move proved to be highly successful and transformative for the company.

The introduction of the Cayenne allowed Porsche to tap into the growing SUV market, which was becoming increasingly popular among consumers. This decision not only diversified Porsche's product lineup but also significantly boosted its sales and profitability. The success of the Cayenne demonstrated that Porsche could maintain its brand prestige while expanding into new vehicle segments, ultimately leading to further diversification with models like the Panamera sedan and the Macan compact SUV. This strategic move helped Porsche weather economic downturns and solidified its position as a leading luxury automaker with a broader appeal.",0.9939913341919316,1.0,0.9333333333333333
What city owns 20% of volkswagen and why,"The city of Wolfsburg owns 20% of Volkswagen. This ownership stake is a result of the historical and economic ties between the city and the company. Wolfsburg was specifically created by Adolf Hitler to house the Volkswagen factory and its workers, as part of the Nazi regime's plan to produce the Volkswagen Beetle, a ""people's car."" After World War II, the city and the company were closely linked, with Volkswagen becoming a major economic driver for the region. The city's ownership stake reflects this deep connection and the importance of Volkswagen to the local economy and community.",0.9622459338251964,1.0,1.0
What's Startup Garage at Stanford's GSB?,I don't know.,0.05608518315825478,1.0,1.0
Who is the owner of the shop that ispired the idea behind the doordash app?,"The owner of the shop that inspired the idea behind the DoorDash app is Chloe, who owns Chantal Macarons.",0.23270331105609565,1.0,1.0
Where was the first customer of paloaltodelivery.com working at? what was he doing at Stanford?,"The first customer of paloaltodelivery.com was Bruce Barcott. He was working for Leafly, a marijuana company, and he had written a book called ""Weed the People"" about legalizing marijuana. At Stanford, he was a visiting author.",0.5893722278598623,1.0,1.0
What seminar did Sam Walton enroll himself in in poughkeepsie New York,I don't know.,0.043782349911420194,1.0,1.0
What Percentage of Rent to Sales did Sam Waltons first Ben Franklin cost,Sam Walton's first Ben Franklin store had a rent cost that was 5% of sales.,0.18186269668902846,1.0,1.0
How much top line revenue % did walmart see a year after their IPO 1972,I don't know.,0.0592849490597279,1.0,1.0
why did Nvidia use a startup Foundry emulation software to produce their chips at some point,"NVIDIA used a startup foundry emulation software to produce their chips because they were in a critical situation where they needed to rapidly design and ship a new chip within a very tight timeline of nine months, due to financial constraints and competitive pressures. Traditional chip design cycles typically take 18 to 24 months, which was not feasible for NVIDIA given their circumstances. By using emulation software, NVIDIA could simulate the chip design in software, allowing them to bypass the lengthy process of creating physical prototypes and testing them. This approach, although risky and challenging due to the slow speed of the emulation (rendering at one frame every 30 seconds), enabled NVIDIA to finalize their chip design much faster and send it directly to production without the usual iterative testing process. This decision was driven by necessity, as they were running out of cash and needed to ship a competitive product quickly to survive in the market.",0.9377540668798146,1.0,0.9333333333333333
What did Nvidia call its first graphics card,NVIDIA's first graphics card was called the NV1.,0.17091978123512366,1.0,1.0
Why did Jensen decide to write and send a letter through a physical address to Morris of TSMC,"The context provided does not mention Jensen writing and sending a letter through a physical address to Morris of TSMC. Therefore, I cannot determine why Jensen would have done so based on the information available. If this action did occur, it is not covered in the provided context.",0.7596024808040964,1.0,0.3333333333333333
What was Peloton original price,"The original price of the Peloton bike was $1,200 when they first tried to start selling it. However, they later realized that this price point was perceived as too low, which led to doubts about the quality of the product. To address this, they increased the price to $2,245, positioning it as a premium, luxury product.",0.9362012714730564,1.0,1.0
How much stock did John Foley had in Peloton in 2022,"In 2022, John Foley controlled approximately 39.6% of the voting power of Peloton's stock. This was due to Peloton's dual-class structure, where the founders and some insiders had stock with 20 votes per share.",0.8922761785407927,1.0,1.0
What percentage of NBA league revenue since 1983 has been contractually going to players?,"Since 1983, the NBA has contractually agreed to pay the players approximately 50% of the league's total gross revenue.",0.22687826336084221,1.0,1.0
"What is the analogy in the Podcast for ""Bitcoin is calculator, let's build a computer""?","The analogy in the podcast for ""Bitcoin is a calculator, let's build a computer"" is the comparison between Bitcoin and Ethereum. Bitcoin is likened to a calculator because it has a limited set of functions and is primarily focused on being a decentralized currency. In contrast, Ethereum is compared to a computer because it is designed to be a Turing complete, generally programmable platform that allows developers to create a wide range of decentralized applications (dApps) and smart contracts. This analogy highlights Ethereum's broader capabilities and flexibility compared to Bitcoin's more focused and limited functionality.",0.9679178681743794,1.0,1.0
What is the connection to Vitalik to the year 1994 and what was his parent's condition and Russia during the time?,"Vitalik Buterin was born in January 1994 in post-Soviet Russia. At the time of his birth, his parents were undergraduate computer science students. The condition in Russia during this period was quite dire, as the country was experiencing significant turmoil following the collapse of the Soviet Union. There was hyperinflation, with double-digit inflation rates per month, leading to a severe economic depression. Many people were losing their savings and livelihoods, and the average life expectancy had dropped significantly, down to about 50 years. Despite these challenging conditions, Vitalik's parents were committed to providing him with opportunities, which eventually led them to emigrate to Canada when he was five years old.",0.9867035762107866,1.0,1.0
What was argument before Vtalik's presentation in Miami?,I don't know.,0.07903237007690389,1.0,1.0
what was the worst stock price percentage down in a day for NVIDIA ?,I don't know.,0.04244362480708983,1.0,1.0
"In 2012, What is the  competition against imageNet Database and what was the error rate compared to others & who won the competition?","In 2012, the competition against the ImageNet database was the ImageNet Large Scale Visual Recognition Challenge (ILSVRC). This competition involved various teams submitting their models to classify images into one of 1,000 categories. The winning team in 2012 was from the University of Toronto, led by Alex Krizhevsky, Ilya Sutskever, and Geoffrey Hinton. They submitted a deep convolutional neural network model called AlexNet. AlexNet achieved a top-5 error rate of 15.3%, which was significantly lower than the second-best entry that had a top-5 error rate of 26.2%. This marked a substantial improvement in image classification performance and highlighted the effectiveness of deep learning techniques in computer vision tasks.",1.0,1.0,1.0
What is NVIDIA free cash flow in billions  every year? ,I don't know. The provided context does not include specific information about NVIDIA's free cash flow in billions every year.,0.531911356019541,1.0,0.5
What is the difference between recurrent neural networks and convolutional neural networks?,"Recurrent Neural Networks (RNNs) and Convolutional Neural Networks (CNNs) are both types of artificial neural networks used for different types of tasks, and they have distinct architectures and functionalities.

1. **Architecture and Structure**:
   - **Recurrent Neural Networks (RNNs)**: RNNs are designed to handle sequential data by maintaining a 'memory' of previous inputs through their recurrent connections. This is achieved by having loops in their architecture, allowing information to persist. RNNs are particularly useful for tasks where the order of the data is important, such as time series prediction, natural language processing, and speech recognition.
   - **Convolutional Neural Networks (CNNs)**: CNNs are primarily used for spatial data and are characterized by their use of convolutional layers, which apply filters to local regions of the input data. This makes them highly effective for image and video processing tasks, where they can detect patterns such as edges, textures, and shapes.

2. **Data Handling**:
   - **RNNs**: They process input data sequentially, one element at a time, and are capable of capturing temporal dependencies. This sequential processing allows RNNs to handle variable-length sequences, making them suitable for tasks like language modeling and sequence prediction.
   - **CNNs**: They process data in a grid-like topology (e.g., 2D for images) and are designed to capture spatial hierarchies by using multiple layers of convolutions. CNNs are not inherently designed to handle sequential data, but they excel at recognizing spatial patterns.

3. **Training Challenges**:
   - **RNNs**: One of the main challenges with RNNs is the vanishing gradient problem, which can make training difficult for long sequences. Variants like Long Short-Term Memory (LSTM) and Gated Recurrent Units (GRU) have been developed to mitigate this issue by introducing mechanisms to better capture long-range dependencies.
   - **CNNs**: CNNs are generally easier to train compared to RNNs due to their hierarchical structure and the use of techniques like pooling, which reduces the dimensionality of the data and helps in capturing the most important features.

4. **Applications**:
   - **RNNs**: Commonly used in applications involving sequential data, such as language translation, sentiment analysis, and time series forecasting.
   - **CNNs**: Widely used in computer vision tasks, including image classification, object detection, and facial recognition.

In summary, RNNs are tailored for sequential data and temporal dependencies, while CNNs are optimized for spatial data and pattern recognition. Each type of network has its strengths and is chosen based on the specific requirements of the task at hand.",0.977729986117469,1.0,1.0
What did Jensen Huang say in the Stratechery interview in March 2023 about the year 2022?,I don't know.,0.0589313351080696,1.0,0.0
What is CUDA's most unique feature?,"CUDA's most unique feature is its ability to enable general-purpose computing on NVIDIA GPUs through a comprehensive development framework. This framework includes a programming model, APIs, and a suite of libraries and tools that allow developers to leverage the parallel processing power of NVIDIA GPUs for a wide range of computational tasks beyond traditional graphics rendering. CUDA is designed specifically for parallel execution, allowing developers to write programs that can run thousands of threads simultaneously, which is ideal for tasks such as scientific computing, deep learning, and other data-intensive applications. Additionally, CUDA is proprietary to NVIDIA hardware, meaning that any software developed using CUDA can only be executed on NVIDIA GPUs, creating a tightly integrated hardware-software ecosystem.",0.9777299847326306,1.0,1.0
Where did the issuance of the first banknotes originate?,"The issuance of the first banknotes originated in China. The concept of paper money was developed during the Tang Dynasty (618–907 AD), but it was during the Song Dynasty (960–1279 AD) that the first true paper currency was issued. These early banknotes were used as a convenient alternative to the heavy metal coins that were previously the primary medium of exchange. The innovation of paper money in China was a significant development in the history of finance and commerce, influencing monetary systems worldwide.",0.9977022633636983,1.0,0.7142857142857143
what happen on 2013 in relation to bitcoin ,"In 2013, several significant events occurred in relation to Bitcoin:

1. **Price Surge and Volatility**: Bitcoin experienced a significant increase in its price. It started the year at just over $13 per Bitcoin and reached a high of $770 by January 1, 2014. This marked a substantial appreciation in value over the year, despite various challenges.

2. **Mt. Gox Issues**: Mt. Gox, the dominant Bitcoin exchange at the time, began experiencing severe issues. In April 2013, the exchange crashed due to overwhelming volume, leading to a suspension of trading and a 50% drop in Bitcoin's price. By June 2013, Mt. Gox stopped allowing withdrawals in US dollars, signaling deeper problems within the exchange.

3. **Silk Road Shutdown**: The Silk Road, an online black market that used Bitcoin as its primary currency, was shut down by the FBI in October 2013. The founder, Ross Ulbricht, was arrested, and the FBI seized 144,000 Bitcoins from the site. This event drew significant media attention to Bitcoin and its use in illegal activities.

4. **Increased Interest and Adoption**: Despite the challenges, interest in Bitcoin continued to grow. The year saw a rise in the number of people and institutions becoming aware of and investing in Bitcoin, setting the stage for further developments in the cryptocurrency space.

These events collectively contributed to Bitcoin's growing prominence and the development of the cryptocurrency ecosystem.",0.9222700138825308,1.0,1.0
does bitcoin have a higher appreciation per year as compared to gold?,"Based on the context provided, Bitcoin has experienced a significantly higher appreciation per year compared to gold, especially in its early years. The context mentions that Bitcoin's price started at less than $1 and reached $770 by the end of 2013, which represents a massive increase in just a few years. By 2017, Bitcoin's price had reached nearly $20,000, showcasing an extraordinary appreciation rate.

In contrast, gold's appreciation is mentioned to be relatively stable, with an annual increase in its money supply of about 1.5% due to mining. Gold's market cap is much larger, and its price changes are generally more stable and less volatile than Bitcoin's.

Therefore, while Bitcoin has shown much higher appreciation rates, it is also characterized by significant volatility, unlike gold, which is considered a more stable store of value.",0.9222700144018454,1.0,0.9166666666666666
how did Winklevoss brother changed the bitcoin market ,"The Winklevoss brothers, Cameron and Tyler, have played a significant role in the development and mainstream acceptance of Bitcoin and the broader cryptocurrency market. Here are some key ways in which they have influenced the Bitcoin market:

1. **Early Adoption and Investment**: The Winklevoss brothers were among the earliest high-profile investors in Bitcoin. They reportedly began buying Bitcoin in 2012 and amassed a significant amount, which helped bring attention to the cryptocurrency as a legitimate investment.

2. **Public Advocacy**: The brothers have been vocal advocates for Bitcoin and blockchain technology. Their public endorsements and media appearances have helped raise awareness and credibility for Bitcoin, attracting more investors and users to the market.

3. **Establishment of Gemini**: In 2014, the Winklevoss brothers founded Gemini, a cryptocurrency exchange based in the United States. Gemini has become one of the most reputable and regulated exchanges, providing a secure platform for buying, selling, and storing cryptocurrencies. This has contributed to the maturation and institutionalization of the cryptocurrency market.

4. **Regulatory Engagement**: The Winklevoss brothers have actively engaged with regulators to promote a compliant and secure cryptocurrency ecosystem. Their efforts to work within the regulatory framework have helped legitimize the industry and encourage institutional participation.

5. **Innovation and Expansion**: Through Gemini, the Winklevoss brothers have introduced various products and services, such as the Gemini Dollar (a stablecoin) and Gemini Custody (a secure storage solution for institutional investors). These innovations have expanded the use cases and accessibility of cryptocurrencies.

Overall, the Winklevoss brothers have been instrumental in promoting Bitcoin as a viable investment and in fostering a more regulated and secure cryptocurrency market. Their efforts have helped pave the way for broader adoption and acceptance of digital assets.",0.9904650521299618,1.0,1.0
"In February 1967, Warren Buffet decide to transform Berkshire into an insurance company. How much time did it take for Warrne Buffet to work out on a deal?","In February 1967, Warren Buffett worked out a deal to transform Berkshire into an insurance company in just 15 minutes.",0.24747213756939557,1.0,1.0
What is Warren Buffet net worth after working at Graham-Newman for two years?,"Warren Buffett's net worth after working at Graham-Newman for two years was about $175,000.",0.18037723053716262,1.0,1.0
On which day of the week did Warren Buffet talked with Lorimer and for how long?,"The provided context does not specify the day of the week or the duration of Warren Buffett's conversation with Lorimer. Therefore, I cannot determine the answer.",0.7585599097623957,1.0,1.0
"Which company, in addition to Facebook and Google, showed interest in WhatsApp?","In addition to Facebook and Google, Tencent showed interest in acquiring WhatsApp. The deal with Tencent was reportedly in the high single-digit billions, and it was quite far along before it was delayed due to Pony Ma, Tencent's CEO, needing back surgery.",0.8355958953317233,1.0,1.0
"During high school year, which online security community Jan Koum was part of? ","During his high school years, Jan Koum was part of an online hacker group called w00w00.",0.2118753663425291,1.0,1.0
What business strategies did Jan used to increase the popularity of the WhatsApp product?,"Jan Koum employed several business strategies to increase the popularity of WhatsApp:

1. **Leveraging the Address Book**: Jan recognized the cold start problem with traditional messaging services that required users to create usernames and find friends. By using phone numbers as identifiers, WhatsApp could automatically connect users with their existing contacts, making it easier to start using the app without the need for additional setup.

2. **Growth Hacking with App Store Listings**: Jan took advantage of the early days of the App Store by frequently changing the app's name slightly. This tactic allowed WhatsApp to appear in the ""What's New"" section repeatedly, gaining visibility and attracting new users who were browsing for new apps.

3. **Push Notifications**: With the introduction of push notifications in iOS, Jan updated WhatsApp to broadcast status updates to users' contacts. This feature allowed users to receive real-time updates, making the app more engaging and useful.

4. **Simple and Intuitive User Interface**: WhatsApp focused on providing a straightforward and easy-to-use interface, which made it accessible to a wide range of users. This simplicity was a key factor in its rapid adoption.

5. **Addressing a Real Need**: Jan identified a significant pain point with SMS, especially for international communication, which was expensive and unreliable. By offering a free or low-cost alternative that worked over data networks, WhatsApp provided a compelling value proposition.

6. **Network Effect**: By solving the cold start problem and leveraging users' existing contacts, WhatsApp quickly built a large user base. The more people used WhatsApp, the more valuable it became, creating a strong network effect that fueled its growth.

7. **Focus on Privacy and Security**: WhatsApp implemented end-to-end encryption, which appealed to users concerned about privacy and security. This focus helped differentiate WhatsApp from other messaging services and attracted users who valued secure communication.

These strategies collectively contributed to WhatsApp's rapid growth and widespread adoption, ultimately leading to its acquisition by Facebook.",0.9731058568799409,1.0,1.0
What company did Disney invest in and eventually purchase for the technology to enable their streaming services platform?,Disney invested in and eventually purchased BAMTech for the technology to enable their streaming services platform.,0.44858638318453004,1.0,1.0
What was the result of the shareholder no confidence bid against Bob Eisner after the failed Disney takeover bid by Comcast?,"The result of the shareholder no confidence bid against Michael Eisner, not Bob Eisner, after the failed Disney takeover bid by Comcast was significant. An astounding 43% of Disney shareholders voted no confidence in Eisner at the shareholder meeting. This was an unprecedented level of shareholder dissent. In the immediate aftermath of the vote, the Disney board met and decided to strip Eisner of his chairman title, although he remained CEO. Eisner subsequently announced that he would step down from the company at the end of his contract, which was set to expire in 2006. However, he ended up leaving earlier than that. This marked a significant turning point in Disney's leadership, leading to a search for a new CEO, with Bob Iger being the only internal candidate considered for the position.",0.9008985232059674,1.0,1.0
What position did Bob Eisner have and in what company when Disney acquired it?,Bob Iger was the President and Chief Operating Officer (COO) of Capital Cities/ABC when Disney acquired the company.,0.2979322508400423,0.0,0.0
What did Jeffrey Skilling say to the dean of Harvard Business School during his entrance interview?,I don't know.,0.051743330759034464,1.0,1.0
What was the singular condition that Jeffrey Skilling requested before joining Enron?,The singular condition that Jeffrey Skilling requested before joining Enron was that the company had to agree to use mark-to-market accounting. Skilling insisted on this accounting method as a necessary condition for him to join and start the new Enron finance division.,0.9480275986629023,1.0,1.0
What historic event took investigative pressure off of Enron before its stock collapsed?,"The historic event that took investigative pressure off of Enron before its stock collapsed was the September 11th terrorist attacks in 2001. The attacks shifted the focus of the media, investors, and the general public away from Enron's financial troubles and accounting practices, providing the company with a temporary reprieve from scrutiny. This distraction allowed Enron to continue operating for a short period despite its underlying financial issues.",0.9499999999999998,1.0,1.0
How did Enron remove investments from its accounting books?,"Enron removed investments from its accounting books by utilizing special-purpose entities (SPEs). These SPEs were separate legal entities that allowed Enron to offload assets and liabilities from its balance sheet. The key to this strategy was that, under the accounting rules at the time, if at least 3% of the capital in an SPE came from outside investors, the entity could be considered independent. This meant that Enron could own 97% of the economics of the SPE but still exclude it from its consolidated financial statements.

By setting up these SPEs, Enron was able to transfer underperforming or risky investments off its books, thereby improving its financial appearance. This practice allowed Enron to hide significant amounts of debt and losses, making the company appear more financially stable and profitable than it actually was. The use of SPEs was a critical component of Enron's accounting manipulation, contributing to the company's eventual collapse when the true financial situation was revealed.",0.9962673116069561,1.0,1.0
The fall of Enron is similar to what other bankruptcy from 2022?,"The fall of Enron is similar to the bankruptcy of FTX in 2022. Both cases involved significant financial misconduct and fraud, leading to the collapse of what were once highly regarded companies. Enron's downfall was characterized by the use of off-balance-sheet partnerships to hide debt and inflate profits, while FTX's collapse involved the misuse of customer funds and lack of proper financial controls. In both instances, the companies' leaders were implicated in the fraudulent activities, and the collapses had widespread repercussions, affecting investors, employees, and the broader financial markets. Additionally, both cases highlighted the importance of regulatory oversight and the potential consequences of its absence.",0.9924141832597424,1.0,0.7777777777777778
What metrics did FTX judge itself by?,I don't know.,0.07402594071335908,1.0,1.0
When was Trip Hawkins exposed to Computers?,"Trip Hawkins was exposed to computers during his time in college, specifically when a colleague informed him about a retail store where one could rent computer terminals and connect them to a mainframe via a modem. This event occurred in the summer of 1975, marking his early exposure to the concept of personal computing. This experience, combined with the announcement of Intel's first microprocessor chip, led him to realize the potential for computers to enter homes, which he anticipated would happen by 1982. This foresight played a significant role in his future endeavors, including his involvement with Apple and the founding of Electronic Arts.",0.9679178690459593,1.0,0.4
What was Trip Hawkins favorite game growing up?,I don't know.,0.05574309307622518,1.0,1.0
